sequence,structure
AAACGAAUAG,..........
AAAUUCGGGC,..........
CCUGACCGUA,..........
GUCAUUUCGU,..........
AGAUCAAGUU,..........
GUUUAUCCAG,..........
UAAAUCAACG,..........
UCACAGCUCC,..........
AAGCCUGUCC,..........
CGCAAUUACC,..........
UAGGUGAUUU,..........
ACGCUAUCUU,..........
GACUGCCUAA,..........
GCUUCGAUUA,..........
GAUCCAGAAA,..........
UGAGGUAGAA,..........
CUCGUUAAUA,..........
AGUAACAAGA,..........
GGAAGCUGUG,..........
CUUGGCUUAU,..........
CCGAGACCAC,..........
AGCCUGCGAU,..........
UCCUUAUUGC,..........
UUCCGUCUUU,..........
CACAAAGUUU,..........
UCGUGGGCUG,..........
UCUCCCUAUG,..........
GAGACACGGU,..........
ACCACUGAAU,..........
CUACCACACG,..........
UUGUAGUAGA,..........
UUUACGACAC,..........
GAAUAGUGCU,..........
CACCCGUCCA,..........
CAUGUAACCC,..........
AUGAGGAGUA,..........
UUGCCCGGAU,..........
GCAGGUGAUC,..........
AAGGAAUGAA,..........
CCCUUCAGAG,..........
UGACUUGCCU,..........
AGGUUUCAGG,..........
CUAGAGUCUC,..........
AAUUGUUAAC,..........
AUCGACGUCA,..........
UAGGGCUCGC,..........
ACAGCGCCGA,..........
GACCACAAUC,..........
CGUACUCUAA,..........
UCGAUUUGCA,..........
GGUUGAGUGU,..........
CCAAUAGAGA,..........
GUAGUAAGGG,..........
CACGGGCAGG,..........
UGGAAAGAAG,..........
CAGUUUGCAA,..........
UAUUUACGUG,..........
ACUGUGGACG,..........
UCUUACACCU,..........
CGGGCAUUUG,..........
GUUAUCCUCC,..........
GUACUGUUAA,..........
AUGUCCUCCG,..........
CUACGCACGA,..........
UAAGAUGUGG,..........
GUGCAAAUCU,..........
AAUAGCCCUU,..........
AGUCAUGGUG,..........
AGGUAGAUAC,..........
GCCAGUAUCG,..........
GAAGCCACAU,..........
CCUCUUAUGU,..........
CAAACGGGAG,..........
CGUUUGUAUU,..........
UGAACGUUGU,..........
CGAGUCCAAC,..........
AUUGCUCGCU,..........
GGGCGGCACA,..........
UGCCAACCGA,..........
UAUAGGGUCA,..........
AUCCGAGAGC,..........
