name,code,a_temp,sequence
new_minittrs_reverse,P0002,64.0,GTTGTTGTTGTTGTTTCTTTGTTGC
tail_reverse_primer,P000V,56.0,GTTGTTGTTGTTGTTTCTTT
org_minittr_pool_rev_primer,P000X,65.0,GTTGTTGTTGTTGTTTCTTTGTTGACTTA
pepper_rna_rev_p,P001C,63.0,GTTGTTGTTGTTGTTTCTTTGGC
tail_rev_p_pur,P001F,56.0,GTTGTTGTTGTTGTTTCTTT
ade switch rev p,P0066,65,GTTGTTGTTGTTGTTTCTTTAAAAAAAATCCTGATTAC
tail GC,P006L,61,GTTGTTGTTGTTGTTTCTTTGC
ires_rand_downs_fwd_p,P006P,60,GTTGTTGTTGTTGTTTCTTTGG
ires_rand_rev_p,P006R,66.0,GTTGTTGTTGTTGTTTCTTTGGGACA
ires_rand_rev_p_real,P006T,64.0,GGGACACGGACTGAAGA
ires_rand_rev_p_down_real,P006V,61,GGGACACGGACTGAA
ires_rand_rev_p_2,P006Y,62,CCGAAGACTTAGGTGTCC
twist_rev_p ,P0072,,CACTGAGCCTCCACC
trna_rev_p,P0073,,TGGTGCGAATTCTGTGG
p4p6_rev_p,P0074,,TGAACTGCATCCATATCAACA
5s_rev_p,P0075,,ATGCCTGGCAGTTCC
ade_ribo_rev_p,P0076,,CACTTCATAATCAAGAGTTTAAGGC
gly_ribo_rev_p,P0077,,CTCCGTCCTTTTACCTGA
SRP_rev_p,P0078,,TACTGATCAGCACGGG
